Product Name,Price,Rating
Aroma NB119 Pro Belief Upto 48H Playtime* Fast Charging...,₹289,3.6
"Boult W20 with Zen ENC Mic, 40H Battery Life, Low Laten...",₹899,4.1
"boAt Airdopes Alpha with 35 HRS Playback, 13mm Drivers,...",₹699,3.9
"Boult Y1 with Zen ENC Mic, 50H Battery, Fast Charging, ...",₹749,4.1
"boAt Rockerz 110 with 40 HRS Playback, ENx Technology, ...",₹699,4.1
boAt Airdopes 161/163 with ASAP Charge & 40 HRS Playbac...,₹799,4
Techio Earbuds Bluetooth,₹299,3.7
"PTron Bassbuds Vibe w/ 34 Hrs Playback,Clear Calls,13mm...",₹549,4
"Boult Z40 with Zen ENC Mic, 60H Battery Life, Low Laten...",₹899,4.1
"Boult K10 50H Battery, 4 Mic ENC, 45ms Low Latency, Dua...",₹899,4.1
Aroma NB126 Amplifier 40 Hours Bluetooth Gaming,₹399,3.6
"boAt Rockerz 110 with 40 HRS Playback, ENx Technology, ...",₹699,4.1
"boAt Airdopes Alpha with 35 HRS Playback, 13mm Drivers,...",₹699,3.9
"Boult Y1 with Zen ENC Mic, 50H Battery, Fast Charging, ...",₹768,4.1
"boAt Airdopes Alpha with 35 HRS Playback, 13mm Drivers,...",₹699,3.9
Aroma NB126 Aster V5.4 Upto 50Hr Playtime* 45Ms Latency...,₹469,3.9
Aroma NB126 Aster V5.4 Upto 50Hr Playtime* 45Ms Latency...,₹469,3.9
Aroma NB121 Almaty Upto 40H Playtime* Fast Charging Wit...,₹299,3.8
boAt Airdopes 161/163 with ASAP Charge & 40 HRS Playbac...,₹799,4
"Boult Z40 with Zen ENC Mic, 60H Battery Life, Low Laten...",₹899,4.1
"TRIGGR Kraken X1 with Battery Display, 40ms Latency, Qu...",₹799,4
"Boult Mustang Q 70Hrs Battery, ENC Mic, 40mm Bass Boost...","₹2,499",4.2
TECHFIRE BoomBuds TWS Earbuds with Bluetooth,₹300,3.7
"Mivi Superpods Opera, 60Hrs PT, Spatial Audio, Hi-Res &...",₹999,4.2
"Aroma NB126 Berry V5.4 Upto 60Hr Playtime* Dual Paring,...",₹449,3.9
"Noise Buds VS102 with 50 Hrs Playtime, 11mm Driver, IPX...",₹799,4
"boAt Rockerz 450 w/ 40mm Drivers, 15 HRS Playback, Soft...","₹1,299",4.3
"HOPPUP Xo6 Gaming Earbuds with 35MS Low Latency, RGB LE...",₹799,4
"truke Crystal Bass earbuds with 13mm Drivers, Made in I...",₹799,4.5
"boAt Airdopes Alpha with 35 HRS Playback, 13mm Drivers,...",₹699,3.9
Aroma NB140 Matrix Upto 40Hr Playtime* Fast Charging Du...,₹399,3.8
"realme Buds Wireless 3 Neo with 13.4mm Driver, 32 hrs P...",₹999,4.3
OnePlus Bullets Wireless Z2 Bluetooth,"₹1,299",4.3
"boAt Airdopes 161, Adv 4Mic ENx, 50H Battery,Fast Charg...",₹799,3.9
"Aroma NB119 Zebra Upto 100H Playtime, ENC, Magnetic On/...",₹479,4
"Boult Z40 with Zen ENC Mic, 60H Battery Life, Low Laten...",₹799,4.1
"realme Buds T200 Lite with 12.4mm Driver, 48hrs Playbac...","₹1,299",4
Aroma NB140 Evolve 24 Hours* Playtime | Deep Bass | Mad...,₹289,3.6
"boAt Airdopes Alpha with 35 HRS Playback, 13mm Drivers,...",₹699,3.9
"realme Buds T310 with 12.4mm Driver, 46dB ANC, Spatial ...","₹1,799",4.3
Aroma NB119 Pro Belief Upto 48H Playtime* Fast Charging...,₹289,3.6
"Boult W20 with Zen ENC Mic, 40H Battery Life, Low Laten...",₹899,4.1
boAt Airdopes 131 with upto 60 hours and ASAP Charge Bl...,₹799,4
"ZEBRONICS Zeb-Jet� Premium Headphone,LED Headband,Suspe...",₹664,3.8
boAt Airdopes 161/163 with ASAP Charge & 40 HRS Playbac...,₹799,4
"realme Buds T110 with AI ENC for calls, upto 38 hours o...","₹1,099",4.2
Aroma NB126 Amplifier 40 Hours Bluetooth Gaming,₹399,3.6
"boAt Rockerz 110 with 40 HRS Playback, ENx Technology, ...",₹699,4.1
"Noise Buds UNO, 40Hrs Playtime, Quad Mic with ENC, Prem...","₹1,099",4.2
boAt 450 Pro with Upto 70 Hours Playback Bluetooth,"₹1,529",4.2
Aroma NB126 Aster V5.4 Upto 50Hr Playtime* 45Ms Latency...,₹469,3.9
Aroma NB121 Almaty Upto 40H Playtime* Fast Charging Wit...,₹299,3.8
"boAt Immortal 131 w/ Beast Mode(40ms Low Latency), 40 H...",₹899,4
F FERONS Wireless rechargeable brand new portable Premi...,₹376,3.9
"TRIGGR Kraken X1 with Battery Display, 40ms Latency, Qu...",₹799,4
"ZEBRONICS Zeb-Sound Bomb 7, TWS, 60h Backup, BT v5.2, E...",₹699,3.9
"Boult Mustang Q 70Hrs Battery, ENC Mic, 40mm Bass Boost...","₹2,499",4.2
"Aroma NB126 Berry V5.4 Upto 60Hr Playtime* Dual Paring,...",₹449,3.9
"Mivi Duopods B1 (Just Launched)45Hrs Playtime, AI ENC f...",₹799,4.3
MZ M406SP (PORTABLE BLUETOOTH SPEAKER) Dynamic Thunder ...,₹279,4.1
"boAt Rockerz 450 w/ 40mm Drivers, 15 HRS Playback, Soft...","₹1,299",4.3
"HOPPUP Xo6 Gaming Earbuds with 35MS Low Latency, RGB LE...",₹799,4
Xpecial REAL-ME without Voice Control Function Remote C...,₹158,3.8
TECHFIRE Fire 500v2 Neckband hi-bass Wireless Bluetooth...,₹300,3.8
Aroma NB140 Matrix Upto 40Hr Playtime* Fast Charging Du...,₹399,3.8
"boAt Stone 350 Pro/358 Pro with Dynamic RGB LEDs,12 HRS...","₹1,499",4.2
"realme Buds Wireless 3 Neo with 13.4mm Driver, 32 hrs P...",₹999,4.3
"Aroma NB119 Zebra Upto 100H Playtime, ENC, Magnetic On/...",₹479,4
"realme Buds T110 (RMA2306) with AI ENC for calls, 38 ho...","₹1,099",4.2
boAt Airdopes 161/163 with ASAP Charge & 40 HRS Playbac...,₹799,4
"realme Buds T200 Lite with 12.4mm Driver, 48hrs Playbac...","₹1,299",4
Aroma NB140 Evolve 24 Hours* Playtime | Deep Bass | Mad...,₹289,3.6
"Boult Z40 with Zen ENC Mic, 60H Battery Life, Low Laten...",₹878,4.1
"Boult Astra with Quad Mic ENC, 48Hrs Battery, Low Laten...","₹1,199",4.1
Aroma NB126 Amplifier 40 Hours* Playtime | Perfect for ...,₹404,3.6
"Boult Astra Neo 70Hrs Playtime, 4 Mic ENC, BT 5.4, 40ms...","₹1,099",4.1
"realme Buds Wireless 3 Neo with 13.4mm Driver, 32 hrs P...",₹999,4.2
"TRIGGR Kraken X4 with 13mm Drivers, 40ms Latency, ENC, ...",₹799,4
"boAt Airdopes 181 Pro w/ 100 HRS Playback, 4 Mics ENx T...",₹999,4
"Noise Buds VS102 Elite with 50Hr Playtime, ENC, Quad Mi...",₹899,4
Aroma NB119 Pro Belief Upto 48H Playtime* Fast Charging...,₹289,3.6
"Boult W20 with Zen ENC Mic, 40H Battery Life, Low Laten...",₹899,4.1
"Microflash Bluetooth Neckband Q32 50Hrs Battery, Deep B...",₹279,3.9
"realme Buds Air7 with 52dB ANC, 12.4mm Driver, 52hrs Pl...","₹2,799",4.5
"Boult Astra with Quad Mic ENC, 48Hrs Battery, Low Laten...","₹1,099",4.1
"Boult X1-Wired with Dual Dynamic Drivers, BoomX Rich Ba...",₹329,4.1
"boAt Rockerz 110 with 40 HRS Playback, ENx Technology, ...",₹699,4.1
boAt Airdopes 161/163 with ASAP Charge & 40 HRS Playbac...,₹799,4
Nu Republic 20 Upto 12 hrs Playtime with 52 mm Dynamic ...,₹699,4.1
"Boult Q 70Hrs Battery, ENC Mic, 40mm Boosted Drivers, 4...","₹1,799",4.2
Aroma NB126 Aster V5.4 Upto 50Hr Playtime* 45Ms Latency...,₹469,3.9
"Boult Z40 with Zen ENC Mic, 60H Battery Life, Low Laten...",₹799,4.1
"boAt Airdopes Supreme w/ 4 Mics AI ENx Tech, 50 HRS Pla...","₹1,099",4.1
"truke Buds Elite with 10mm Driver, 70Hrs Battery, Volum...",₹599,4.2
"realme Buds T200 Lite with 12.4mm Driver, 48hrs Playbac...","₹1,299",4
"boAt Rockerz 450 w/ 40mm Drivers, 15 HRS Playback, Soft...","₹1,299",4.3
"TRIGGR Kraken X1 with Battery Display, 40ms Latency, Qu...",₹799,4
"Boult Mustang Q 70Hrs Battery, ENC Mic, 40mm Bass Boost...","₹2,499",4.2
"Mivi Duopods K2, 40Hrs PT, HD Call, Fast Charging, 50ms...","₹2,999",3.9
"realme Buds T110 with AI ENC for calls, upto 38 hours o...","₹1,099",4.2
Aroma NB140 Matrix Upto 40Hr Playtime* Fast Charging Du...,₹399,3.8
"HOPPUP Xo6 Gaming Earbuds with 35MS Low Latency, RGB LE...",₹799,4
myxes New Edition TWS M19 Gaming Earbuds Bluetooth 5.0 ...,₹300,3.6
"boAt Airdopes 161 ANC Elite w/ ANC, 50 HRS Playback, AS...","₹1,199",4
"Aroma NB119 Zebra Upto 100H Playtime, ENC, Magnetic On/...",₹479,4
boAt 333 Pro with 60 Hours Battery Bluetooth,"₹1,299",4.2
"Boult W40 with Quad Mic ENC, 48H Battery Life, Low Late...",₹999,4.1
"realme Buds Wireless 3 Neo with 13.4mm Driver, 32 hrs P...",₹999,4.3
MZ Mpods19 (Wireless Earbuds) 1200mAh Battery True Wire...,₹286,3.7
boAt Rockerz 235 Pro with upto 20 Hours Playback & ASAP...,₹699,4.1
Aroma NB140 Evolve 24 Hours* Playtime | Deep Bass | Mad...,₹289,3.6
"Boult Z40 with Zen ENC Mic, 60H Battery Life, Low Laten...",₹878,4.1
boAt BassHeads 220 Wired,₹399,4.2
MZ M406SP (PORTABLE BLUETOOTH SPEAKER) Dynamic Thunder ...,₹295,4.1
Aroma NB126 Amplifier 40 Hours* Playtime | Perfect for ...,₹404,3.6
"Number Navo Buds X1 w/ 50H Playtime, Dual Pairing, 13mm...",₹599,3.7
"Boult Y1 with Zen ENC Mic, 50H Battery, Fast Charging, ...",₹768,4.1
"realme Buds Wireless 3 Neo with 13.4mm Driver, 32 hrs P...",₹999,4.2
"ZEBRONICS ZEB-BRO, With In-Line MiC, 3.5mm Jack, 10mm d...",₹159,3.7
"realme Buds Wireless 5 with 50dB ANC, 360 degree Spatia...","₹1,499",4.2
Aroma NB119 Pro Belief Upto 48H Playtime* Fast Charging...,₹289,3.6
"Boult W20 with Zen ENC Mic, 40H Battery Life, Low Laten...",₹899,4.1
"boAt Airdopes Supreme w/ 4 Mics AI ENx Tech, 50 HRS Pla...","₹1,099",4.1
"CMF by Nothing Buds 42 dB Active Noise Cancellation, Ul...","₹1,799",4.3
boAt Airdopes 161/163 with ASAP Charge & 40 HRS Playbac...,₹799,4
"Boult Y1 with Zen ENC Mic, 50H Battery, Fast Charging, ...",₹799,4.1
Aroma NB126 Amplifier 40 Hours Bluetooth Gaming,₹399,3.6
"boAt Rockerz 110 with 40 HRS Playback, ENx Technology, ...",₹699,4.1
"Boult Z60 with 60Hr Battery, Quad Mic ENC, 50ms Ultra L...",₹799,4.1
"beatXP Vibe XPods with 60H Playtime, Quad Mic ENC, Gami...",₹429,3.8
Aroma NB126 Aster V5.4 Upto 50Hr Playtime* 45Ms Latency...,₹469,3.9
Aroma NB121 Almaty Upto 40H Playtime* Fast Charging Wit...,₹299,3.8
"Mivi Fort S16 with Dual Full Range Drivers, 6Hrs Playba...",₹999,4
boAt Stone 350 10 W Bluetooth Speaker,"₹1,199",4.3
"TRIGGR Kraken X1 with Battery Display, 40ms Latency, Qu...",₹799,4
"boAt Airdopes 161, Adv 4Mic ENx, 50H Battery,Fast Charg...",₹799,3.9
"Boult Mustang Q 70Hrs Battery, ENC Mic, 40mm Bass Boost...","₹2,499",4.2
"Aroma NB126 Berry V5.4 Upto 60Hr Playtime* Dual Paring,...",₹449,3.9
JBL C150SI with One Button Universal Remote Wired,₹599,4.2
"Noise Buds VS102 Neo with 40 Hrs Playtime, Environmenta...","₹1,099",4.1
"boAt Rockerz 450 w/ 40mm Drivers, 15 HRS Playback, Soft...","₹1,299",4.3
"HOPPUP Xo6 Gaming Earbuds with 35MS Low Latency, RGB LE...",₹799,4
boAt Rockerz 255 Pro+ with ASAP Charge & 60 HRS Playbac...,₹999,4.2
"JBL Wave Beam TWS, 32Hr Playtime, IP54, Smart Ambient &...","₹2,199",3.8
Aroma NB140 Matrix Upto 40Hr Playtime* Fast Charging Du...,₹399,3.8
"TRIGGR Ultrabuds N1 Neo with ENC, 40Hr Playback, 13mm D...",₹599,4
"realme Buds Wireless 3 Neo with 13.4mm Driver, 32 hrs P...",₹999,4.3
"Aroma NB119 Zebra Upto 100H Playtime, ENC, Magnetic On/...",₹479,4
Tata Sky 100% Original Universal (Works With All Tv) NO...,₹160,4.1
"boAt Airdopes 181 Pro w/ 100 HRS Playback, 4 Mics ENx T...",₹999,4
"realme Buds T200 Lite with 12.4mm Driver, 48hrs Playbac...","₹1,299",4
Aroma NB140 Evolve 24 Hours* Playtime | Deep Bass | Mad...,₹289,3.6
"realme Buds Wireless 5 with 50dB ANC, 360 degree Spatia...","₹1,499",4.2
OnePlus Bullets Wireless Z2 Bluetooth,"₹1,299",4.3
Aroma NB126 Amplifier 40 Hours* Playtime | Perfect for ...,₹404,3.6
ZEBRONICS ZEB-Sound Feast 50 / ZEB-Sound Feast 51 14 W ...,₹949,4
"realme Buds Wireless 3 Neo with 13.4mm Driver, 32 hrs P...",₹999,4.2
"TRIGGR Kraken X4 with 13mm Drivers, 40ms Latency, ENC, ...",₹799,4
"Mivi Duopods K2, 40Hrs PT, HD Call, Fast Charging, 50ms...",₹699,3.9
"boAt Bar 590 with RMS, Dual Passive Radiatior & 7 Hours...","₹1,599",4
Aroma NB119 Pro Belief Upto 48H Playtime* Fast Charging...,₹289,3.6
"Boult W20 with Zen ENC Mic, 40H Battery Life, Low Laten...",₹899,4.1
"TRIGGR Kraken X4 with 13mm Drivers, 40ms Latency, ENC, ...",₹799,4
"Boult Z40 Pro with 100H Battery, Quad Mic ENC, Scratch ...","₹1,198",4.1
boAt Airdopes 161/163 with ASAP Charge & 40 HRS Playbac...,₹799,4
"Boult Astra with Quad Mic ENC, 48Hrs Battery, Low Laten...","₹1,199",4.1
Aroma NB126 Amplifier 40 Hours Bluetooth Gaming,₹399,3.6
"boAt Rockerz 110 with 40 HRS Playback, ENx Technology, ...",₹699,4.1
"boAt Rockerz 430 w/ Beast Mode(40ms Low Latency),40HRS ...","₹1,199",4
"ZEBRONICS Juke Bar 3903 (ZEB-SBSPK C6) , Virtual 5.1 Su...","₹3,699",4.1
Aroma NB126 Aster V5.4 Upto 50Hr Playtime* 45Ms Latency...,₹469,3.9
Aroma NB121 Almaty Upto 40H Playtime* Fast Charging Wit...,₹299,3.8
"Boult Z40 Gaming with 60H Battery, 4 Mic ENC, Mode Sync...",₹999,4.1
"Aroma NB120 Amaze Upto 50 Hours* Playtime, Fast Chargin...","₹2,999",3.7
"TRIGGR Kraken X1 with Battery Display, 40ms Latency, Qu...",₹799,4
Aroma NB138 Bound 32dB Active Noise Cancellation 60H* F...,₹495,3.9
"Boult Mustang Q 70Hrs Battery, ENC Mic, 40mm Bass Boost...","₹2,499",4.2
"Aroma NB126 Berry V5.4 Upto 60Hr Playtime* Dual Paring,...",₹449,3.9
"truke BTG Ultra with 60H Playtime, 360Spatial, Low Late...",₹799,4.1
SONY New SA-D40M2 4.1ch Home Theatre / PC Speaker syste...,"₹9,489",4.4
"boAt Rockerz 450 w/ 40mm Drivers, 15 HRS Playback, Soft...","₹1,299",4.3
"HOPPUP Xo6 Gaming Earbuds with 35MS Low Latency, RGB LE...",₹799,4
"boAt Airdopes 161, Adv 4Mic ENx, 50H Battery,Fast Charg...",₹799,3.9
truke Crystal Dyno Leather Finish earbuds w/ Spatial Au...,₹999,4.7
Aroma NB140 Matrix Upto 40Hr Playtime* Fast Charging Du...,₹399,3.8
"Aroma NB124 Bombay Upto 100 Hours Playtime*,ENC, Voice ...",₹449,4
"realme Buds Wireless 3 Neo with 13.4mm Driver, 32 hrs P...",₹999,4.3
"Aroma NB119 Zebra Upto 100H Playtime, ENC, Magnetic On/...",₹479,4
"boAt Airdopes 131 Pro Buds w/ In Ear Detection, 4 Mics ...",₹999,4
"CMF by Nothing Buds 42 dB Active Noise Cancellation, Ul...","₹1,799",4.3
"realme Buds T200 Lite with 12.4mm Driver, 48hrs Playbac...","₹1,299",4
Aroma NB140 Evolve 24 Hours* Playtime | Deep Bass | Mad...,₹289,3.6
"truke Buds F1 Ultra with 60 Hours Playtime, Spatial Aud...",₹699,4
ZEBRONICS Zeb-Thunder (Sea Green) Bluetooth,₹699,4
Aroma NB126 Amplifier 40 Hours* Playtime | Perfect for ...,₹404,3.6
boAt Airdopes 131 Elite ANC w/ Active Noise Cancellatio...,"₹1,299",4
"realme Buds Wireless 3 Neo with 13.4mm Driver, 32 hrs P...",₹999,4.2
"TRIGGR Kraken X4 with 13mm Drivers, 40ms Latency, ENC, ...",₹799,4
"Noise Airwave, ENC calling, 50 Hrs of Playtime, Low lat...",₹999,4.1
"Boult W40 with Quad Mic ENC, 48H Battery Life, Low Late...",₹999,4.1
Aroma NB119 Pro Belief Upto 48H Playtime* Fast Charging...,₹289,3.6
"Boult W20 with Zen ENC Mic, 40H Battery Life, Low Laten...",₹899,4.1
boAt Rockerz 235 Pro with upto 20 Hours Playback & ASAP...,₹699,4.1
"boAt Airdopes Supreme w/ 4 Mics AI ENx Tech, 50 HRS Pla...","₹1,099",4.1
"Boult Astra with Quad Mic ENC, 48Hrs Battery, Low Laten...","₹1,099",4.1
F FERONS Powerpact bass & stereo audio color changIng l...,₹376,4
"boAt Rockerz 110 with 40 HRS Playback, ENx Technology, ...",₹699,4.1
boAt Airdopes 161/163 with ASAP Charge & 40 HRS Playbac...,₹799,4
"boAt Immortal 171 w/ Beast Mode(40ms Low Latency), 40 H...",₹995,4
"Boult Z60 with 60Hr Battery, Quad Mic ENC, 50ms Ultra L...",₹799,4.1
Aroma NB126 Aster V5.4 Upto 50Hr Playtime* 45Ms Latency...,₹469,3.9
"Boult Z40 with Zen ENC Mic, 60H Battery Life, Low Laten...",₹799,4.1
MZ Mpods19 (Wireless Earbuds) 1200mAh Battery True Wire...,₹286,3.7
"TRIGGR Apex S2 2025, Dual Pairing, 60H Battery, Preset ...",₹799,4
"realme Buds T200 Lite with 12.4mm Driver, 48hrs Playbac...","₹1,299",4
"JBL Go Essential with Rich Bass, 5 Hrs Playtime, IPX7 W...","₹1,499",4.2
"TRIGGR Kraken X1 with Battery Display, 40ms Latency, Qu...",₹799,4
"Boult Mustang Q 70Hrs Battery, ENC Mic, 40mm Bass Boost...","₹2,499",4.2
boAt Stone 350 10 W Bluetooth Speaker,"₹1,199",4.3
"boAt Bassheads 122 ANC w/ Active Noise Cancellation, Ty...",₹699,4
Aroma NB140 Matrix Upto 40Hr Playtime* Fast Charging Du...,₹399,3.8
"HOPPUP Xo6 Gaming Earbuds with 35MS Low Latency, RGB LE...",₹799,4
"boAt Airdopes 161 ANC Elite w/ ANC, 50 HRS Playback, AS...","₹1,199",4
ZEBRONICS JUKE BAR 800 300 W Bluetooth Soundbar,"₹6,999",4.3
"Aroma NB119 Zebra Upto 100H Playtime, ENC, Magnetic On/...",₹479,4
boAt 330 Pro Bluetooth,"₹1,299",4.2
"Boult W40 with Quad Mic ENC, 48H Battery Life, Low Late...",₹999,4.1
"realme Buds Wireless 3 Neo with 13.4mm Driver, 32 hrs P...",₹999,4.3
vivo TWS 3e buds up-to 30dB Active Noise Cancellation |...,"₹1,499",4.1
"Noise Buds Verve 2 with 50Hr Playtime, ENC, Quad Mic & ...","₹1,499",4
Aroma NB140 Evolve 24 Hours* Playtime | Deep Bass | Mad...,₹289,3.6
"Boult Z40 with Zen ENC Mic, 60H Battery Life, Low Laten...",₹878,4.1
"HOPPUP S40 Earbuds with 13MM Drivers, 40H Playtime, Rag...",₹599,4.1
Apple AirPods Pro (2nd generation) with MagSafe Case (U...,"₹17,990",4.6
"Boult Astra with Quad Mic ENC, 48Hrs Battery, Low Laten...","₹1,199",4.1
boAt 450 Pro with Upto 70 Hours Playback Bluetooth,"₹1,529",4.2
"realme Buds Wireless 3 Neo with 13.4mm Driver, 32 hrs P...",₹999,4.2
"Mivi Duopods K2, 40Hrs PT, HD Call, Fast Charging, 50ms...",₹699,3.9
"realme Buds Wireless 3 Neo with 13.4mm Driver, 32 hrs P...",₹999,4.2
MZ M406SP (PORTABLE BLUETOOTH SPEAKER) Dynamic Thunder ...,₹290,4.1
Aroma NB119 Pro Belief Upto 48H Playtime* Fast Charging...,₹289,3.6
"Boult W20 with Zen ENC Mic, 40H Battery Life, Low Laten...",₹899,4.1
"boAt Airdopes Supreme w/ 4 Mics AI ENx Tech, 50 HRS Pla...","₹1,099",4.1
"Mivi Duopods D4, 50Hrs Playtime, HD Call, Fast Charging...",₹599,3.9
"Boult Astra with Quad Mic ENC, 48Hrs Battery, Low Laten...","₹1,099",4.1
"truke Buds Elite with 10mm Driver, 70Hrs Battery, Volum...",₹599,4.2
"boAt Rockerz 110 with 40 HRS Playback, ENx Technology, ...",₹699,4.1
boAt Airdopes 161/163 with ASAP Charge & 40 HRS Playbac...,₹799,4
"boAt Airdopes Supreme w/ 4 Mics AI ENx Tech, 50 HRS Pla...","₹1,099",4.1
"Boult Y1 Pro with Zen Quad Mic ENC, 60Hrs Battery, Fast...",₹999,4.1
Aroma NB126 Aster V5.4 Upto 50Hr Playtime* 45Ms Latency...,₹469,3.9
"Boult Z40 with Zen ENC Mic, 60H Battery Life, Low Laten...",₹799,4.1
boAt BassHeads 100 Wired,₹299,4.3
OnePlus Nord Buds 3 Pro Truly Wireless Earbuds with 49d...,"₹2,699",4.4
"realme Buds T200 Lite with 12.4mm Driver, 48hrs Playbac...","₹1,299",4
"SONY WH-CH520 with 50 Hrs Playtime, DSEE Upscale, Multi...","₹3,990",4.3
"TRIGGR Kraken X1 with Battery Display, 40ms Latency, Qu...",₹799,4
"Boult Mustang Q 70Hrs Battery, ENC Mic, 40mm Bass Boost...","₹2,499",4.2
TECHFIRE Fire 145- 30 Hours Playtime with superior soun...,₹299,3.7
hybite Samsung Remote Compatible for all SAmsung Led / ...,₹184,3.9
"HOPPUP Xo6 Gaming Earbuds with 35MS Low Latency, RGB LE...",₹799,4
Aroma NB140 Matrix Upto 40Hr Playtime* Fast Charging Du...,₹399,3.8
"JBL Go Essential with Rich Bass, 5 Hrs Playtime, IPX7 W...","₹1,499",4.2
truke Crystal Dyno Leather Finish earbuds w/ Spatial Au...,₹999,4.7
"Aroma NB119 Zebra Upto 100H Playtime, ENC, Magnetic On/...",₹479,4
"Microflash Earbuds C68 50Hrs Battery, Touch, Deep Bass,...",₹495,3.9
"realme Buds Wireless 3 Neo with 13.4mm Driver, 32 hrs P...",₹999,4.3
"Boult W40 with Quad Mic ENC, 48H Battery Life, Low Late...",₹999,4.1
"Aroma NB140 Buds 3 Truly Wireless Upto 60H Playtime*,EN...",₹499,3.7
"Firetv Stick Lite with all-new Alexa Voice Remote Lite,...","₹2,599",4.2
Aroma NB140 Evolve 24 Hours* Playtime | Deep Bass | Mad...,₹289,3.6
"Boult Z40 with Zen ENC Mic, 60H Battery Life, Low Laten...",₹878,4.1
Portronics 1 10W TWS Portable & Type C Charging 10 W Bl...,₹830,4.3
"Boult W10 55H Battery, 4 Mic ENC, Spatial Audio, 45ms L...",₹899,4
"Boult Astra with Quad Mic ENC, 48Hrs Battery, Low Laten...","₹1,199",4.1
"ZEBRONICS Zeb-Buds C2, Type-C , In-Line Mic, 10mm Drive...",₹271,3.8
"realme Buds Wireless 3 Neo with 13.4mm Driver, 32 hrs P...",₹999,4.2
"Mivi Duopods K2, 40Hrs PT, HD Call, Fast Charging, 50ms...",₹699,3.9
Aroma NB138 Ascrow 32dB Active Noise Cancellation 70H* ...,₹499,3.9
"truke Buds Q1 Lite with Quad-Mic ENC,48H Playtime,Royal...",₹599,4
"Boult W20 with Zen ENC Mic, 40H Battery Life, Low Laten...",₹899,4.1
Aroma NB119 Pro Belief Upto 48H Playtime* Fast Charging...,₹289,3.6
"Boult Mustang Derby with 100 Hrs Battery, App Support, ...","₹1,499",4.1
"Leaf Buds X121 True Wireless, AI SOUND App,30H Playtime...",₹699,4
"Aroma NB120 Amaze Upto 50 Hours* Playtime, Fast Chargin...",₹299,3.7
Aroma NB138 Bound 32dB Active Noise Cancellation 60Hrs*...,₹495,3.9
"Boult Astra with Quad Mic ENC, 48Hrs Battery, Low Laten...","₹1,099",4.1
"boAt Rockerz 110 with 40 HRS Playback, ENx Technology, ...",₹699,4.1
hybite Remote Compatible with Samsung LCD/LED Smart 4K ...,₹217,3.6
"Mivi Duopods D4, 50Hrs Playtime, HD Call, Fast Charging...",₹599,3.9
boAt Airdopes 161/163 with ASAP Charge & 40 HRS Playbac...,₹799,4
"realme Buds T200 Lite with 12.4mm Driver, 48hrs Playbac...","₹1,299",4
"Number Navo Buds X1 w/ 50H Playtime, Dual Pairing, 13mm...",₹599,3.7
"JBL Flip Essential 2, Deep Bass, 10Hrs Playtime, IPX7 W...","₹4,299",4.4
"Boult Z40 with Zen ENC Mic, 60H Battery Life, Low Laten...",₹799,4.1
"Boult Z60 with 60Hr Battery, Quad Mic ENC, 50ms Ultra L...",₹799,4.1
Aroma NB126 Aster V5.4 Upto 50Hr Playtime* 45Ms Latency...,₹469,3.9
"TRIGGR Kraken X1 with Battery Display, 40ms Latency, Qu...",₹799,4
Mi 4A LCD LED Smart TV Remote Control Compatible for Sm...,₹176,4
"Mivi Play 12HRS Playback, Bass Boosted,TWS Feature, IPX...",₹699,4.2
Aroma NB121 Almaty Upto 40H Playtime* Fast Charging Wit...,₹299,3.8
"Boult Mustang Q 70Hrs Battery, ENC Mic, 40mm Bass Boost...","₹2,499",4.2
"boAt Airdopes 131 Pro Buds w/ In Ear Detection, 4 Mics ...",₹999,4
"Mivi ROAM2 24HRS Playback, Bass Boosted,TWS Feature, IP...",₹799,4.3
"Aroma NB126 Berry V5.4 Upto 60Hr Playtime* Dual Paring,...",₹449,3.9
"ZEBRONICS Zeb-Sound Bomb 7, TWS, 60h Backup, BT v5.2, E...",₹699,3.9
"HOPPUP Xo6 Gaming Earbuds with 35MS Low Latency, RGB LE...",₹799,4
"realme Buds Wireless 3 Neo with 13.4mm Driver, 32 hrs P...",₹999,4.3
Aroma NB126 Amplifier 40 Hours* Playtime | Perfect for ...,₹399,3.6
"boAt Rockerz 210 ANC w/ 30dB Active Noise Cancellation,...","₹1,299",4
Aroma NB140 Matrix Upto 40Hr Playtime* Fast Charging Du...,₹399,3.8
"Aroma NB119 Zebra Upto 100H Playtime, ENC, Magnetic On/...",₹479,4
"boAt Bassheads 100 C w/ Type-c Jack, boAt Signature Sou...",₹549,4.3
"Noise Buds VS102 Neo with 40 Hrs Playtime, Environmenta...",₹999,4.1
"Boult W40 with Quad Mic ENC, 48H Battery Life, Low Late...",₹999,4.1
Dish TV Genuine Universal dish tv Remote Controller,₹172,4
"Boult Z40 with Zen ENC Mic, 60H Battery Life, Low Laten...",₹878,4.1
"Boult Astra with Quad Mic ENC, 48Hrs Battery, Low Laten...","₹1,199",4.1
"realme Buds Wireless 3 Neo with 13.4mm Driver, 32 hrs P...",₹999,4.2
"beatXP Vibe XPods with 60H Playtime, Quad Mic ENC, Gami...",₹429,3.8
Aroma NB119 Pro Belief Upto 48H Playtime* Fast Charging...,₹289,3.6
"Boult W20 with Zen ENC Mic, 40H Battery Life, Low Laten...",₹899,4.1
"realme Buds Air7 with 52dB ANC, 12.4mm Driver, 52hrs Pl...","₹2,799",4.5
CREATIVE Stage/ MF8360 160 W Bluetooth Soundbar,"₹3,999",4.2
"Boult Astra with Quad Mic ENC, 48Hrs Battery, Low Laten...","₹1,099",4.1
"Mi Buds 5 with 46dB Hybrid ANC earbuds, Quad-Mic AI ENC...","₹1,899",4.1
"boAt Rockerz 110 with 40 HRS Playback, ENx Technology, ...",₹699,4.1
boAt Airdopes 161/163 with ASAP Charge & 40 HRS Playbac...,₹799,4
"Jib Wired Earbuds with Microphone, Noise Isolating Fit,...",₹399,4
HOPPUP Predator Xo4 Gaming Earbuds with 35MS Low Latenc...,₹699,4.1
Aroma NB126 Aster V5.4 Upto 50Hr Playtime* 45Ms Latency...,₹469,3.9
"Boult Z40 with Zen ENC Mic, 60H Battery Life, Low Laten...",₹799,4.1
TECHFIRE BoomBuds TWS Earbuds with Bluetooth,₹300,3.7
"boAt Airdopes 301 with 75HRS Battery, 4Mics ENx, Fast C...",₹999,3.9
"realme Buds T200 Lite with 12.4mm Driver, 48hrs Playbac...","₹1,299",4
"PTron Bassbuds Vibe w/ 34 Hrs Playback,Clear Calls,13mm...",₹549,4
"TRIGGR Kraken X1 with Battery Display, 40ms Latency, Qu...",₹799,4
"Boult Mustang Q 70Hrs Battery, ENC Mic, 40mm Bass Boost...","₹2,499",4.2
boAt Airdopes 131 Captain America Edition with 60 Hours...,₹799,4
boAt 333 Pro with 60 Hours Battery Bluetooth,"₹1,299",4.2
"HOPPUP Xo6 Gaming Earbuds with 35MS Low Latency, RGB LE...",₹799,4
Aroma NB140 Matrix Upto 40Hr Playtime* Fast Charging Du...,₹399,3.8
"OnePlus Buds 3 TWS, in Ear Earbuds with Sliding Volume ...","₹4,599",4.5
SONY EX14AP Wired,₹599,4
"Aroma NB119 Zebra Upto 100H Playtime, ENC, Magnetic On/...",₹479,4
"Noise Aura Buds with Dual Device Pairing, 60 Hours of P...",₹999,4
"realme Buds Wireless 3 Neo with 13.4mm Driver, 32 hrs P...",₹999,4.3
"Boult W40 with Quad Mic ENC, 48H Battery Life, Low Late...",₹999,4.1
"JBL Cinema SB270 2.1, Dolby digital, Wireless Subwoofer...","₹9,999",4
boAt Nirvana Ion with 120 Hours Playback & Crystal Bion...,"₹1,799",4.1
Aroma NB140 Evolve 24 Hours* Playtime | Deep Bass | Mad...,₹289,3.6
"Boult Z40 with Zen ENC Mic, 60H Battery Life, Low Laten...",₹878,4.1
Techio Earbuds Bluetooth,₹299,3.7
"realme Buds Air 6 Pro with 50dB ANC, 360 Spatial Audio ...","₹3,999",4.4
"Boult Astra with Quad Mic ENC, 48Hrs Battery, Low Laten...","₹1,199",4.1
boAt Aavante Bar Quake Pro with Wireless Subwoofer 240 ...,"₹6,999",4.4
"realme Buds Wireless 3 Neo with 13.4mm Driver, 32 hrs P...",₹999,4.2
"Mivi Duopods K2, 40Hrs PT, HD Call, Fast Charging, 50ms...",₹699,3.9
"Boult W40 with Quad Mic ENC, 48H Battery Life, Low Late...",₹999,4.1
"Mivi Fort H120 Soundbar, 120 Watts, 2.1 Channel, Multi-...","₹3,299",4.3
"Boult W20 with Zen ENC Mic, 40H Battery Life, Low Laten...",₹899,4.1
Aroma NB119 Pro Belief Upto 48H Playtime* Fast Charging...,₹289,3.6
"boAt Stone 580 12W RMS Stereo Sound,Up to 8 HRS Playtim...","₹1,499",4
ZEBRONICS Juke Bar 9400 Pro Dolby 525 W Bluetooth Sound...,"₹8,999",4.3
boAt Airdopes 161/163 with ASAP Charge & 40 HRS Playbac...,₹799,4
HOPPUP Predator Xo4 Gaming Earbuds with 35MS Low Latenc...,₹699,4.1
Aroma NB126 Amplifier 40 Hours Bluetooth Gaming,₹399,3.6
"boAt Rockerz 110 with 40 HRS Playback, ENx Technology, ...",₹699,4.1
"Noise Buds VS404 with 50 Hours Playtime, ENC with Quad ...",₹999,3.9
"Boult W40 with Quad Mic ENC, 48H Battery Life, Low Late...",₹999,4.1
Aroma NB126 Aster V5.4 Upto 50Hr Playtime* 45Ms Latency...,₹469,3.9
Aroma NB121 Almaty Upto 40H Playtime* Fast Charging Wit...,₹299,3.8
"PTron Bassbuds Vibe w/ 34 Hrs Playback,Clear Calls,13mm...",₹549,4
"HOPPUP AirDoze S40 Earbuds with 13MM Drivers, 40H Playt...",₹599,4.1
"TRIGGR Kraken X1 with Battery Display, 40ms Latency, Qu...",₹799,4
"JBL Cinema SB270 2.1, Dolby digital, Wireless Subwoofer...","₹9,999",4
"Boult Mustang Q 70Hrs Battery, ENC Mic, 40mm Bass Boost...","₹2,499",4.2
"Aroma NB126 Berry V5.4 Upto 60Hr Playtime* Dual Paring,...",₹449,3.9
"Jib Wired Earbuds with Microphone, Noise Isolating Fit,...",₹399,4
boAt Nirvana Ion with 120 Hours Playback & Crystal Bion...,"₹1,799",4.1
"boAt Rockerz 450 w/ 40mm Drivers, 15 HRS Playback, Soft...","₹1,299",4.3
"HOPPUP Xo6 Gaming Earbuds with 35MS Low Latency, RGB LE...",₹799,4
hybite Remote Compatible with One-plus Android TV Witho...,₹224,3.8
"Mivi Fort H30 With Full Range HD Sound, 6Hrs Playback, ...","₹1,599",4
Aroma NB140 Matrix Upto 40Hr Playtime* Fast Charging Du...,₹399,3.8
"Boult Mustang with 100 Hrs Battery, App Support, Dual P...","₹1,499",4.1
"realme Buds Wireless 3 Neo with 13.4mm Driver, 32 hrs P...",₹999,4.3
"Aroma NB119 Zebra Upto 100H Playtime, ENC, Magnetic On/...",₹479,4
"Microflash S7-Deep Bass, Clear Hi-Fi Sound, Headphones ...",₹186,3.8
"JBL Tune 770NC Active Noise Cancelling, 70Hr Playtime, ...","₹5,099",4.2
"realme Buds T200 Lite with 12.4mm Driver, 48hrs Playbac...","₹1,299",4
Aroma NB140 Evolve 24 Hours* Playtime | Deep Bass | Mad...,₹289,3.6
"SONY WH-CH520 with 50 Hrs Playtime, DSEE Upscale, Multi...","₹3,489",4.3
"boAt Airdopes 111v2, Leather Finish,4Mics ENx,50HRS Pla...","₹1,099",4.1
Aroma NB126 Amplifier 40 Hours* Playtime | Perfect for ...,₹404,3.6
"boAt Immortal 161 w/ Beast Mode(40ms Low Latency), 40 H...",₹842,4
"realme Buds Wireless 3 Neo with 13.4mm Driver, 32 hrs P...",₹999,4.2
"TRIGGR Kraken X4 with 13mm Drivers, 40ms Latency, ENC, ...",₹799,4
"Boult W10 55H Battery, 4 Mic ENC, Spatial Audio, 45ms L...",₹899,4
Aroma NB138 Ascrow 32dB Active Noice Cancellation 70H* ...,₹499,3.9
